/*
 Navicat Premium Data Transfer

 Source Server         : 127.0.0.1
 Source Server Type    : MySQL
 Source Server Version : 50726
 Source Host           : 127.0.0.1:3306
 Source Schema         : d2wd

 Target Server Type    : MySQL
 Target Server Version : 50726
 File Encoding         : 65001

 Date: 15/09/2022 17:50:10
*/

SET NAMES utf8mb4;
SET FOREIGN_KEY_CHECKS = 0;

-- ----------------------------
-- Table structure for admin_user
-- ----------------------------
DROP TABLE IF EXISTS `admin_user`;
CREATE TABLE `admin_user`  (
  `id` int(11) NOT NULL AUTO_INCREMENT,
  `account_name` varchar(50) CHARACTER SET utf8mb4 COLLATE utf8mb4_bin NULL DEFAULT NULL COMMENT '账号名称 登陆的账号名称',
  `user_name` varchar(255) CHARACTER SET utf8mb4 COLLATE utf8mb4_bin NULL DEFAULT NULL COMMENT '用户名称 登陆后显示的用户名称',
  `real_name` varchar(255) CHARACTER SET utf8mb4 COLLATE utf8mb4_bin NULL DEFAULT NULL COMMENT '真实名称',
  `password` varchar(255) CHARACTER SET utf8mb4 COLLATE utf8mb4_bin NULL DEFAULT NULL COMMENT '密码',
  `phone` varchar(255) CHARACTER SET utf8mb4 COLLATE utf8mb4_bin NULL DEFAULT NULL COMMENT '联系电话',
  `group_rights` mediumtext CHARACTER SET utf8mb4 COLLATE utf8mb4_bin NULL COMMENT '权限组  根据获取获得权限',
  `user_rights` varchar(255) CHARACTER SET utf8mb4 COLLATE utf8mb4_bin NULL DEFAULT NULL COMMENT '特殊权限',
  `age` int(11) NULL DEFAULT NULL COMMENT '年龄',
  `level` int(11) NULL DEFAULT NULL COMMENT '等级',
  `add_time` datetime(0) NOT NULL COMMENT '注册时间',
  `offline_time` datetime(0) NOT NULL COMMENT '离线时间',
  `update_time` datetime(0) NOT NULL COMMENT '更新时间',
  PRIMARY KEY (`id`) USING BTREE
) ENGINE = InnoDB AUTO_INCREMENT = 4642 CHARACTER SET = utf8mb4 COLLATE = utf8mb4_bin ROW_FORMAT = Dynamic;

-- ----------------------------
-- Records of admin_user
-- ----------------------------
INSERT INTO `admin_user` VALUES (4594, 'chenpinzhong1', 'cpz', '陈品中', '10eb365d898388c87a19f12a0e270f147cafdabf', '15323734642', NULL, NULL, NULL, NULL, '2022-08-29 10:13:13', '2022-08-29 10:13:13', '2022-08-29 10:13:13');
INSERT INTO `admin_user` VALUES (4595, '1111', '3333', '333', '63b0eef00dadaf6c9844ed152f7861f8784e6a8f', '20220823', NULL, NULL, NULL, NULL, '2022-08-29 10:13:13', '2022-08-29 10:13:13', '2022-08-29 10:13:13');
INSERT INTO `admin_user` VALUES (4596, 'chenpinzhong1', '', 'cpz', '93d7ec2a0b72a4c59ff1d55875731ed699e9fda0', '15323734642', NULL, NULL, NULL, NULL, '2022-08-29 10:13:13', '2022-08-29 10:13:13', '2022-08-29 10:13:13');
INSERT INTO `admin_user` VALUES (4597, 'chenpinzhong', 'cpz', '陈品中', '10eb365d898388c87a19f12a0e270f147cafdabf', '15323734642', NULL, NULL, NULL, NULL, '2022-08-29 10:13:13', '2022-08-29 10:13:13', '2022-08-29 10:13:13');
INSERT INTO `admin_user` VALUES (4598, 'chenpinzhong', 'cpz', '陈品中', '10eb365d898388c87a19f12a0e270f147cafdabf', '15323734642', NULL, NULL, NULL, NULL, '2022-08-29 10:13:13', '2022-08-29 10:13:13', '2022-08-29 10:13:13');
INSERT INTO `admin_user` VALUES (4599, 'chenpinzhong', 'cpz', '陈品中', '10eb365d898388c87a19f12a0e270f147cafdabf', '15323734642', NULL, NULL, NULL, NULL, '2022-08-29 10:13:13', '2022-08-29 10:13:13', '2022-08-29 10:13:13');
INSERT INTO `admin_user` VALUES (4600, 'chenpinzhong', 'cpz', '陈品中', '10eb365d898388c87a19f12a0e270f147cafdabf', '15323734642', NULL, NULL, NULL, NULL, '2022-08-29 10:13:13', '2022-08-29 10:13:13', '2022-08-29 10:13:13');
INSERT INTO `admin_user` VALUES (4601, 'chenpinzhong', 'cpz', '陈品中', '10eb365d898388c87a19f12a0e270f147cafdabf', '15323734642', NULL, NULL, NULL, NULL, '2022-08-29 10:13:13', '2022-08-29 10:13:13', '2022-08-29 10:13:13');
INSERT INTO `admin_user` VALUES (4602, 'chenpinzhong', 'cpz', '陈品中', '10eb365d898388c87a19f12a0e270f147cafdabf', '15323734642', NULL, NULL, NULL, NULL, '2022-08-29 10:13:13', '2022-08-29 10:13:13', '2022-08-29 10:13:13');
INSERT INTO `admin_user` VALUES (4603, 'chenpinzhong', 'cpz', '陈品中', '10eb365d898388c87a19f12a0e270f147cafdabf', '15323734642', NULL, NULL, NULL, NULL, '2022-08-29 10:13:13', '2022-08-29 10:13:13', '2022-08-29 10:13:13');
INSERT INTO `admin_user` VALUES (4604, 'chenpinzhong', 'cpz', '陈品中', '10eb365d898388c87a19f12a0e270f147cafdabf', '15323734642', NULL, NULL, NULL, NULL, '2022-08-29 10:13:13', '2022-08-29 10:13:13', '2022-08-29 10:13:13');
INSERT INTO `admin_user` VALUES (4605, 'chenpinzhong', 'cpz', '陈品中', '10eb365d898388c87a19f12a0e270f147cafdabf', '15323734642', NULL, NULL, NULL, NULL, '2022-08-29 10:13:13', '2022-08-29 10:13:13', '2022-08-29 10:13:13');
INSERT INTO `admin_user` VALUES (4606, 'chenpinzhong', 'cpz', '陈品中', '10eb365d898388c87a19f12a0e270f147cafdabf', '15323734642', NULL, NULL, NULL, NULL, '2022-08-29 10:13:13', '2022-08-29 10:13:13', '2022-08-29 10:13:13');
INSERT INTO `admin_user` VALUES (4607, 'chenpinzhong', 'cpz', '陈品中', '10eb365d898388c87a19f12a0e270f147cafdabf', '15323734642', NULL, NULL, NULL, NULL, '2022-08-29 10:13:13', '2022-08-29 10:13:13', '2022-08-29 10:13:13');
INSERT INTO `admin_user` VALUES (4608, 'chenpinzhong', 'cpz', '陈品中', '10eb365d898388c87a19f12a0e270f147cafdabf', '15323734642', NULL, NULL, NULL, NULL, '2022-08-29 10:13:13', '2022-08-29 10:13:13', '2022-08-29 10:13:13');
INSERT INTO `admin_user` VALUES (4609, 'chenpinzhong', 'cpz', '陈品中', '10eb365d898388c87a19f12a0e270f147cafdabf', '15323734642', NULL, NULL, NULL, NULL, '2022-08-29 10:13:13', '2022-08-29 10:13:13', '2022-08-29 10:13:13');
INSERT INTO `admin_user` VALUES (4610, 'chenpinzhong', 'cpz', '陈品中', '10eb365d898388c87a19f12a0e270f147cafdabf', '15323734642', NULL, NULL, NULL, NULL, '2022-08-29 10:13:13', '2022-08-29 10:13:13', '2022-08-29 10:13:13');
INSERT INTO `admin_user` VALUES (4611, 'chenpinzhong', 'cpz', '陈品中', '10eb365d898388c87a19f12a0e270f147cafdabf', '15323734642', NULL, NULL, NULL, NULL, '2022-08-29 10:13:13', '2022-08-29 10:13:13', '2022-08-29 10:13:13');
INSERT INTO `admin_user` VALUES (4612, 'chenpinzhong', 'cpz', '陈品中', '10eb365d898388c87a19f12a0e270f147cafdabf', '15323734642', NULL, NULL, NULL, NULL, '2022-08-29 10:13:13', '2022-08-29 10:13:13', '2022-08-29 10:13:13');
INSERT INTO `admin_user` VALUES (4613, 'chenpinzhong', 'cpz', '陈品中', '10eb365d898388c87a19f12a0e270f147cafdabf', '15323734642', NULL, NULL, NULL, NULL, '2022-08-29 10:13:13', '2022-08-29 10:13:13', '2022-08-29 10:13:13');
INSERT INTO `admin_user` VALUES (4614, 'chenpinzhong', 'cpz', '陈品中', '10eb365d898388c87a19f12a0e270f147cafdabf', '15323734642', NULL, NULL, NULL, NULL, '2022-08-29 10:13:13', '2022-08-29 10:13:13', '2022-08-29 10:13:13');
INSERT INTO `admin_user` VALUES (4615, 'chenpinzhong', 'cpz', '陈品中', '10eb365d898388c87a19f12a0e270f147cafdabf', '15323734642', NULL, NULL, NULL, NULL, '2022-08-29 10:13:13', '2022-08-29 10:13:13', '2022-08-29 10:13:13');
INSERT INTO `admin_user` VALUES (4616, 'chenpinzhong', 'cpz', '陈品中', '10eb365d898388c87a19f12a0e270f147cafdabf', '15323734642', NULL, NULL, NULL, NULL, '2022-08-29 10:13:13', '2022-08-29 10:13:13', '2022-08-29 10:13:13');
INSERT INTO `admin_user` VALUES (4617, 'chenpinzhong', 'cpz', '陈品中', '10eb365d898388c87a19f12a0e270f147cafdabf', '15323734642', NULL, NULL, NULL, NULL, '2022-08-29 10:13:13', '2022-08-29 10:13:13', '2022-08-29 10:13:13');
INSERT INTO `admin_user` VALUES (4618, 'chenpinzhong', 'cpz', '陈品中', '10eb365d898388c87a19f12a0e270f147cafdabf', '15323734642', NULL, NULL, NULL, NULL, '2022-08-29 10:13:13', '2022-08-29 10:13:13', '2022-08-29 10:13:13');
INSERT INTO `admin_user` VALUES (4619, 'chenpinzhong', 'cpz', '陈品中', '10eb365d898388c87a19f12a0e270f147cafdabf', '15323734642', NULL, NULL, NULL, NULL, '2022-08-29 10:13:13', '2022-08-29 10:13:13', '2022-08-29 10:13:13');
INSERT INTO `admin_user` VALUES (4620, 'chenpinzhong', 'cpz', '陈品中', '10eb365d898388c87a19f12a0e270f147cafdabf', '15323734642', NULL, NULL, NULL, NULL, '2022-08-29 10:13:13', '2022-08-29 10:13:13', '2022-08-29 10:13:13');
INSERT INTO `admin_user` VALUES (4621, 'chenpinzhong', 'cpz', '陈品中', '10eb365d898388c87a19f12a0e270f147cafdabf', '15323734642', NULL, NULL, NULL, NULL, '2022-08-29 10:13:13', '2022-08-29 10:13:13', '2022-08-29 10:13:13');
INSERT INTO `admin_user` VALUES (4622, 'chenpinzhong', 'cpz', '陈品中', '10eb365d898388c87a19f12a0e270f147cafdabf', '15323734642', NULL, NULL, NULL, NULL, '2022-08-29 10:13:13', '2022-08-29 10:13:13', '2022-08-29 10:13:13');
INSERT INTO `admin_user` VALUES (4623, 'chenpinzhong', 'cpz', '陈品中', '10eb365d898388c87a19f12a0e270f147cafdabf', '15323734642', NULL, NULL, NULL, NULL, '2022-08-29 10:13:13', '2022-08-29 10:13:13', '2022-08-29 10:13:13');
INSERT INTO `admin_user` VALUES (4624, 'chenpinzhong', 'cpz', '陈品中', '10eb365d898388c87a19f12a0e270f147cafdabf', '15323734642', NULL, NULL, NULL, NULL, '2022-08-29 10:13:13', '2022-08-29 10:13:13', '2022-08-29 10:13:13');
INSERT INTO `admin_user` VALUES (4625, 'chenpinzhong', 'cpz', '陈品中', '10eb365d898388c87a19f12a0e270f147cafdabf', '15323734642', NULL, NULL, NULL, NULL, '2022-08-29 10:13:13', '2022-08-29 10:13:13', '2022-08-29 10:13:13');
INSERT INTO `admin_user` VALUES (4626, 'chenpinzhong', 'cpz', '陈品中', '10eb365d898388c87a19f12a0e270f147cafdabf', '15323734642', NULL, NULL, NULL, NULL, '2022-08-29 10:13:13', '2022-08-29 10:13:13', '2022-08-29 10:13:13');
INSERT INTO `admin_user` VALUES (4627, 'chenpinzhong', 'cpz', '陈品中', '10eb365d898388c87a19f12a0e270f147cafdabf', '15323734642', NULL, NULL, NULL, NULL, '2022-08-29 10:13:13', '2022-08-29 10:13:13', '2022-08-29 10:13:13');
INSERT INTO `admin_user` VALUES (4628, 'chenpinzhong', 'cpz', '陈品中', '10eb365d898388c87a19f12a0e270f147cafdabf', '15323734642', NULL, NULL, NULL, NULL, '2022-08-29 10:13:13', '2022-08-29 10:13:13', '2022-08-29 10:13:13');
INSERT INTO `admin_user` VALUES (4629, 'chenpinzhong', 'cpz', '陈品中', '10eb365d898388c87a19f12a0e270f147cafdabf', '15323734642', NULL, NULL, NULL, NULL, '2022-08-29 10:13:13', '2022-08-29 10:13:13', '2022-08-29 10:13:13');
INSERT INTO `admin_user` VALUES (4630, 'chenpinzhong', 'cpz', '陈品中', '10eb365d898388c87a19f12a0e270f147cafdabf', '15323734642', NULL, NULL, NULL, NULL, '2022-08-29 10:13:13', '2022-08-29 10:13:13', '2022-08-29 10:13:13');
INSERT INTO `admin_user` VALUES (4631, 'chenpinzhong', 'cpz', '陈品中', '10eb365d898388c87a19f12a0e270f147cafdabf', '15323734642', NULL, NULL, NULL, NULL, '2022-08-29 10:13:13', '2022-08-29 10:13:13', '2022-08-29 10:13:13');
INSERT INTO `admin_user` VALUES (4632, 'chenpinzhong', 'cpz', '陈品中', '10eb365d898388c87a19f12a0e270f147cafdabf', '15323734642', NULL, NULL, NULL, NULL, '2022-08-29 10:13:13', '2022-08-29 10:13:13', '2022-08-29 10:13:13');
INSERT INTO `admin_user` VALUES (4633, 'chenpinzhong', 'cpz', '陈品中', '10eb365d898388c87a19f12a0e270f147cafdabf', '15323734642', NULL, NULL, NULL, NULL, '2022-08-29 10:13:13', '2022-08-29 10:13:13', '2022-08-29 10:13:13');
INSERT INTO `admin_user` VALUES (4634, 'chenpinzhong', 'cpz', '陈品中', '10eb365d898388c87a19f12a0e270f147cafdabf', '15323734642', NULL, NULL, NULL, NULL, '2022-08-29 10:13:13', '2022-08-29 10:13:13', '2022-08-29 10:13:13');
INSERT INTO `admin_user` VALUES (4635, 'chenpinzhong', 'cpz', '陈品中', '10eb365d898388c87a19f12a0e270f147cafdabf', '15323734642', NULL, NULL, NULL, NULL, '2022-08-29 10:13:13', '2022-08-29 10:13:13', '2022-08-29 10:13:13');
INSERT INTO `admin_user` VALUES (4636, 'chenpinzhong', 'cpz', '陈品中', '10eb365d898388c87a19f12a0e270f147cafdabf', '15323734642', NULL, NULL, NULL, NULL, '2022-08-29 10:13:13', '2022-08-29 10:13:13', '2022-08-29 10:13:13');
INSERT INTO `admin_user` VALUES (4637, 'chenpinzhong', 'cpz', '陈品中', '10eb365d898388c87a19f12a0e270f147cafdabf', '15323734642', NULL, NULL, NULL, NULL, '2022-08-29 10:13:13', '2022-08-29 10:13:13', '2022-08-29 10:13:13');
INSERT INTO `admin_user` VALUES (4638, 'chenpinzhong', 'cpz', '陈品中', '10eb365d898388c87a19f12a0e270f147cafdabf', '15323734642', NULL, NULL, NULL, NULL, '2022-08-29 10:13:13', '2022-08-29 10:13:13', '2022-08-29 10:13:13');
INSERT INTO `admin_user` VALUES (4639, 'chenpinzhong', 'cpz', '陈品中', '10eb365d898388c87a19f12a0e270f147cafdabf', '15323734642', NULL, NULL, NULL, NULL, '2022-08-29 10:13:13', '2022-08-29 10:13:13', '2022-08-29 10:13:13');
INSERT INTO `admin_user` VALUES (4640, 'chenpinzhong', 'cpz', '陈品中', '10eb365d898388c87a19f12a0e270f147cafdabf', '15323734642', NULL, NULL, NULL, NULL, '2022-08-29 10:13:13', '2022-08-29 10:13:13', '2022-08-29 10:13:13');
INSERT INTO `admin_user` VALUES (4641, 'chenpinzhong', 'cpz', '陈品中', '10eb365d898388c87a19f12a0e270f147cafdabf', '15323734642', NULL, NULL, NULL, NULL, '2022-08-29 10:13:13', '2022-08-29 10:13:13', '2022-08-29 10:13:13');

-- ----------------------------
-- Table structure for poster
-- ----------------------------
DROP TABLE IF EXISTS `poster`;
CREATE TABLE `poster`  (
  `id` int(11) NOT NULL AUTO_INCREMENT,
  `name` varchar(255) CHARACTER SET utf8mb4 COLLATE utf8mb4_bin NULL DEFAULT NULL COMMENT '海报的名称',
  `type` varchar(50) CHARACTER SET utf8mb4 COLLATE utf8mb4_bin NULL DEFAULT NULL COMMENT '海报的类型',
  `image_src` varchar(255) CHARACTER SET utf8mb4 COLLATE utf8mb4_bin NULL DEFAULT NULL COMMENT '海报的路径',
  `href` varchar(255) CHARACTER SET utf8mb4 COLLATE utf8mb4_bin NULL DEFAULT NULL COMMENT '点击后跳转的地址',
  `add_time` datetime(0) NULL DEFAULT NULL COMMENT '添加时间',
  `update_time` datetime(0) NULL DEFAULT NULL COMMENT '修改时间',
  PRIMARY KEY (`id`) USING BTREE
) ENGINE = MyISAM AUTO_INCREMENT = 3 CHARACTER SET = utf8mb4 COLLATE = utf8mb4_bin ROW_FORMAT = Dynamic;

-- ----------------------------
-- Records of poster
-- ----------------------------
INSERT INTO `poster` VALUES (1, '风景1', 'home', '/images/s2.jpg', '/images/s3.jpg', NULL, NULL);
INSERT INTO `poster` VALUES (2, '风景2', 'home', '/images/s3.jpg', '/images/s4.jpg', NULL, NULL);

-- ----------------------------
-- Table structure for product
-- ----------------------------
DROP TABLE IF EXISTS `product`;
CREATE TABLE `product`  (
  `id` int(11) NOT NULL AUTO_INCREMENT,
  `category_id` int(11) NULL DEFAULT NULL COMMENT '类目ID',
  `product_name` varchar(255) CHARACTER SET utf8mb4 COLLATE utf8mb4_bin NULL DEFAULT NULL COMMENT '产品名称',
  `brand_name` varchar(255) CHARACTER SET utf8mb4 COLLATE utf8mb4_bin NULL DEFAULT NULL COMMENT '品牌名称',
  `product_images` text CHARACTER SET utf8mb4 COLLATE utf8mb4_bin NULL COMMENT '产品图',
  `attribute_info` text CHARACTER SET utf8mb4 COLLATE utf8mb4_bin NULL COMMENT '产品属性',
  `product_description` text CHARACTER SET utf8mb4 COLLATE utf8mb4_bin NULL COMMENT '产品描述',
  `product_status` tinyint(4) NULL DEFAULT NULL COMMENT '产品状态 0下架 1上架',
  `add_time` datetime(0) NOT NULL ON UPDATE CURRENT_TIMESTAMP(0) COMMENT '添加时间',
  `update_time` datetime(0) NOT NULL ON UPDATE CURRENT_TIMESTAMP(0) COMMENT '更新时间',
  PRIMARY KEY (`id`) USING BTREE,
  INDEX `category_id`(`category_id`) USING BTREE,
  INDEX `product_name`(`product_name`) USING BTREE,
  INDEX `brand_name`(`brand_name`) USING BTREE
) ENGINE = InnoDB AUTO_INCREMENT = 5 CHARACTER SET = utf8mb4 COLLATE = utf8mb4_bin ROW_FORMAT = Dynamic;

-- ----------------------------
-- Records of product
-- ----------------------------
INSERT INTO `product` VALUES (1, 0, 'iPhone 14 5G全网通手机苹果14 -1', 'iPhone 14', '[{\"user_id\":0,\"file_path\":\"D:\\\\UI\\\\d2wd-server\\\\public\\/upload\\/temp\\/2022-09-15\\\\6322a18fc12bf_O1CN01hfgFGr22AESGHd3u6_!!2-item_pic.png\",\"file_name\":\"O1CN01hfgFGr22AESGHd3u6_!!2-item_pic.png\",\"web_path\":\"\\/upload\\/temp\\/2022-09-15\\\\6322a18fc12bf_O1CN01hfgFGr22AESGHd3u6_!!2-item_pic.png\",\"web_path_100\":\"\\/upload\\/temp\\/2022-09-15\\\\100_6322a18fc12bf_O1CN01hfgFGr22AESGHd3u6_!!2-item_pic.png\",\"web_path_400\":\"\\/upload\\/temp\\/2022-09-15\\\\400_6322a18fc12bf_O1CN01hfgFGr22AESGHd3u6_!!2-item_pic.png\",\"file_size\":241491,\"file_type\":\"image\\/png\",\"file_extension\":\"png\",\"file_id\":\"62\"},{\"user_id\":0,\"file_path\":\"D:\\\\UI\\\\d2wd-server\\\\public\\/upload\\/temp\\/2022-09-15\\\\6322a18fd862c_O1CN01FAGdP722AESI2rj8t_!!2-item_pic.png\",\"file_name\":\"O1CN01FAGdP722AESI2rj8t_!!2-item_pic.png\",\"web_path\":\"\\/upload\\/temp\\/2022-09-15\\\\6322a18fd862c_O1CN01FAGdP722AESI2rj8t_!!2-item_pic.png\",\"web_path_100\":\"\\/upload\\/temp\\/2022-09-15\\\\100_6322a18fd862c_O1CN01FAGdP722AESI2rj8t_!!2-item_pic.png\",\"web_path_400\":\"\\/upload\\/temp\\/2022-09-15\\\\400_6322a18fd862c_O1CN01FAGdP722AESI2rj8t_!!2-item_pic.png\",\"file_size\":254752,\"file_type\":\"image\\/png\",\"file_extension\":\"png\",\"file_id\":\"63\"},{\"user_id\":0,\"file_path\":\"D:\\\\UI\\\\d2wd-server\\\\public\\/upload\\/temp\\/2022-09-15\\\\6322a18fefd24_O1CN01vuqUkt22AES7LdcoV_!!2-item_pic.png\",\"file_name\":\"O1CN01vuqUkt22AES7LdcoV_!!2-item_pic.png\",\"web_path\":\"\\/upload\\/temp\\/2022-09-15\\\\6322a18fefd24_O1CN01vuqUkt22AES7LdcoV_!!2-item_pic.png\",\"web_path_100\":\"\\/upload\\/temp\\/2022-09-15\\\\100_6322a18fefd24_O1CN01vuqUkt22AES7LdcoV_!!2-item_pic.png\",\"web_path_400\":\"\\/upload\\/temp\\/2022-09-15\\\\400_6322a18fefd24_O1CN01vuqUkt22AES7LdcoV_!!2-item_pic.png\",\"file_size\":250043,\"file_type\":\"image\\/png\",\"file_extension\":\"png\",\"file_id\":\"64\"},{\"user_id\":0,\"file_path\":\"D:\\\\UI\\\\d2wd-server\\\\public\\/upload\\/temp\\/2022-09-15\\\\6322a190125b5_O1CN017hfOEl22AESNS8Qyu_!!2-item_pic.png\",\"file_name\":\"O1CN017hfOEl22AESNS8Qyu_!!2-item_pic.png\",\"web_path\":\"\\/upload\\/temp\\/2022-09-15\\\\6322a190125b5_O1CN017hfOEl22AESNS8Qyu_!!2-item_pic.png\",\"web_path_100\":\"\\/upload\\/temp\\/2022-09-15\\\\100_6322a190125b5_O1CN017hfOEl22AESNS8Qyu_!!2-item_pic.png\",\"web_path_400\":\"\\/upload\\/temp\\/2022-09-15\\\\400_6322a190125b5_O1CN017hfOEl22AESNS8Qyu_!!2-item_pic.png\",\"file_size\":233230,\"file_type\":\"image\\/png\",\"file_extension\":\"png\",\"file_id\":\"65\"}]', '[{\"attribute_name\":\"\\u989c\\u8272\",\"attribute_value_list\":[{\"value\":\"\\u767d\\u8272\",\"image_id\":\"62\"},{\"value\":\"\\u7ea2\\u8272\",\"image_id\":\"63\"},{\"value\":\"\\u84dd\\u8272\",\"image_id\":\"64\"},{\"value\":\"\\u7c89\\u8272\",\"image_id\":\"65\"}]},{\"attribute_name\":\"\\u5bb9\\u91cf\",\"attribute_value_list\":[{\"value\":\"128GB\",\"image_id\":false},{\"value\":\"256GB\",\"image_id\":false},{\"value\":\"512GB\",\"image_id\":false}]}]', '<p><img src=\"/upload/temp/2022-09-15\\6322a222c4d69_O1CN01FAGdP722AESI2rj8t_!!2-item_pic.png\" alt=\"O1CN01FAGdP722AESI2rj8t_!!2-item_pic.png\" data-href=\"/upload/temp/2022-09-15\\6322a222c4d69_O1CN01FAGdP722AESI2rj8t_!!2-item_pic.png\" style=\"\"/><img src=\"/upload/temp/2022-09-15\\6322a222c9911_O1CN01hfgFGr22AESGHd3u6_!!2-item_pic.png\" alt=\"O1CN01hfgFGr22AESGHd3u6_!!2-item_pic.png\" data-href=\"/upload/temp/2022-09-15\\6322a222c9911_O1CN01hfgFGr22AESGHd3u6_!!2-item_pic.png\" style=\"\"/><img src=\"/upload/temp/2022-09-15\\6322a222cdcc3_O1CN01vuqUkt22AES7LdcoV_!!2-item_pic.png\" alt=\"O1CN01vuqUkt22AES7LdcoV_!!2-item_pic.png\" data-href=\"/upload/temp/2022-09-15\\6322a222cdcc3_O1CN01vuqUkt22AES7LdcoV_!!2-item_pic.png\" style=\"\"/><img src=\"/upload/temp/2022-09-15\\6322a222d2c92_O1CN017hfOEl22AESNS8Qyu_!!2-item_pic.png\" alt=\"O1CN017hfOEl22AESNS8Qyu_!!2-item_pic.png\" data-href=\"/upload/temp/2022-09-15\\6322a222d2c92_O1CN017hfOEl22AESNS8Qyu_!!2-item_pic.png\" style=\"\"/></p><p>测试上传111</p>', 1, '2022-09-15 17:36:24', '2022-09-15 17:36:24');
INSERT INTO `product` VALUES (2, 0, 'iPhone 14 5G全网通手机苹果14 -2', 'iPhone 14', '[{\"user_id\":0,\"file_path\":\"D:\\\\UI\\\\d2wd-server\\\\public\\/upload\\/temp\\/2022-09-15\\\\6322a18fc12bf_O1CN01hfgFGr22AESGHd3u6_!!2-item_pic.png\",\"file_name\":\"O1CN01hfgFGr22AESGHd3u6_!!2-item_pic.png\",\"web_path\":\"\\/upload\\/temp\\/2022-09-15\\\\6322a18fc12bf_O1CN01hfgFGr22AESGHd3u6_!!2-item_pic.png\",\"web_path_100\":\"\\/upload\\/temp\\/2022-09-15\\\\100_6322a18fc12bf_O1CN01hfgFGr22AESGHd3u6_!!2-item_pic.png\",\"web_path_400\":\"\\/upload\\/temp\\/2022-09-15\\\\400_6322a18fc12bf_O1CN01hfgFGr22AESGHd3u6_!!2-item_pic.png\",\"file_size\":241491,\"file_type\":\"image\\/png\",\"file_extension\":\"png\",\"file_id\":\"62\"},{\"user_id\":0,\"file_path\":\"D:\\\\UI\\\\d2wd-server\\\\public\\/upload\\/temp\\/2022-09-15\\\\6322a18fd862c_O1CN01FAGdP722AESI2rj8t_!!2-item_pic.png\",\"file_name\":\"O1CN01FAGdP722AESI2rj8t_!!2-item_pic.png\",\"web_path\":\"\\/upload\\/temp\\/2022-09-15\\\\6322a18fd862c_O1CN01FAGdP722AESI2rj8t_!!2-item_pic.png\",\"web_path_100\":\"\\/upload\\/temp\\/2022-09-15\\\\100_6322a18fd862c_O1CN01FAGdP722AESI2rj8t_!!2-item_pic.png\",\"web_path_400\":\"\\/upload\\/temp\\/2022-09-15\\\\400_6322a18fd862c_O1CN01FAGdP722AESI2rj8t_!!2-item_pic.png\",\"file_size\":254752,\"file_type\":\"image\\/png\",\"file_extension\":\"png\",\"file_id\":\"63\"},{\"user_id\":0,\"file_path\":\"D:\\\\UI\\\\d2wd-server\\\\public\\/upload\\/temp\\/2022-09-15\\\\6322a18fefd24_O1CN01vuqUkt22AES7LdcoV_!!2-item_pic.png\",\"file_name\":\"O1CN01vuqUkt22AES7LdcoV_!!2-item_pic.png\",\"web_path\":\"\\/upload\\/temp\\/2022-09-15\\\\6322a18fefd24_O1CN01vuqUkt22AES7LdcoV_!!2-item_pic.png\",\"web_path_100\":\"\\/upload\\/temp\\/2022-09-15\\\\100_6322a18fefd24_O1CN01vuqUkt22AES7LdcoV_!!2-item_pic.png\",\"web_path_400\":\"\\/upload\\/temp\\/2022-09-15\\\\400_6322a18fefd24_O1CN01vuqUkt22AES7LdcoV_!!2-item_pic.png\",\"file_size\":250043,\"file_type\":\"image\\/png\",\"file_extension\":\"png\",\"file_id\":\"64\"},{\"user_id\":0,\"file_path\":\"D:\\\\UI\\\\d2wd-server\\\\public\\/upload\\/temp\\/2022-09-15\\\\6322a190125b5_O1CN017hfOEl22AESNS8Qyu_!!2-item_pic.png\",\"file_name\":\"O1CN017hfOEl22AESNS8Qyu_!!2-item_pic.png\",\"web_path\":\"\\/upload\\/temp\\/2022-09-15\\\\6322a190125b5_O1CN017hfOEl22AESNS8Qyu_!!2-item_pic.png\",\"web_path_100\":\"\\/upload\\/temp\\/2022-09-15\\\\100_6322a190125b5_O1CN017hfOEl22AESNS8Qyu_!!2-item_pic.png\",\"web_path_400\":\"\\/upload\\/temp\\/2022-09-15\\\\400_6322a190125b5_O1CN017hfOEl22AESNS8Qyu_!!2-item_pic.png\",\"file_size\":233230,\"file_type\":\"image\\/png\",\"file_extension\":\"png\",\"file_id\":\"65\"}]', '[{\"attribute_name\":\"\\u989c\\u8272\",\"attribute_value_list\":[{\"value\":\"\\u767d\\u8272\",\"image_id\":\"62\"},{\"value\":\"\\u7ea2\\u8272\",\"image_id\":\"63\"},{\"value\":\"\\u84dd\\u8272\",\"image_id\":\"64\"},{\"value\":\"\\u7c89\\u8272\",\"image_id\":\"65\"}]},{\"attribute_name\":\"\\u5bb9\\u91cf\",\"attribute_value_list\":[{\"value\":\"128GB\",\"image_id\":false},{\"value\":\"256GB\",\"image_id\":false},{\"value\":\"512GB\",\"image_id\":false}]}]', '<p><img src=\"/upload/temp/2022-09-15\\6322a222c4d69_O1CN01FAGdP722AESI2rj8t_!!2-item_pic.png\" alt=\"O1CN01FAGdP722AESI2rj8t_!!2-item_pic.png\" data-href=\"/upload/temp/2022-09-15\\6322a222c4d69_O1CN01FAGdP722AESI2rj8t_!!2-item_pic.png\" style=\"\"/><img src=\"/upload/temp/2022-09-15\\6322a222c9911_O1CN01hfgFGr22AESGHd3u6_!!2-item_pic.png\" alt=\"O1CN01hfgFGr22AESGHd3u6_!!2-item_pic.png\" data-href=\"/upload/temp/2022-09-15\\6322a222c9911_O1CN01hfgFGr22AESGHd3u6_!!2-item_pic.png\" style=\"\"/><img src=\"/upload/temp/2022-09-15\\6322a222cdcc3_O1CN01vuqUkt22AES7LdcoV_!!2-item_pic.png\" alt=\"O1CN01vuqUkt22AES7LdcoV_!!2-item_pic.png\" data-href=\"/upload/temp/2022-09-15\\6322a222cdcc3_O1CN01vuqUkt22AES7LdcoV_!!2-item_pic.png\" style=\"\"/><img src=\"/upload/temp/2022-09-15\\6322a222d2c92_O1CN017hfOEl22AESNS8Qyu_!!2-item_pic.png\" alt=\"O1CN017hfOEl22AESNS8Qyu_!!2-item_pic.png\" data-href=\"/upload/temp/2022-09-15\\6322a222d2c92_O1CN017hfOEl22AESNS8Qyu_!!2-item_pic.png\" style=\"\"/></p><p>测试上传111</p>', 1, '2022-09-15 17:47:49', '2022-09-15 17:47:49');
INSERT INTO `product` VALUES (3, 0, 'iPhone 14 5G全网通手机苹果14 -3', 'iPhone 14', '[{\"user_id\":0,\"file_path\":\"D:\\\\UI\\\\d2wd-server\\\\public\\/upload\\/temp\\/2022-09-15\\\\6322a18fc12bf_O1CN01hfgFGr22AESGHd3u6_!!2-item_pic.png\",\"file_name\":\"O1CN01hfgFGr22AESGHd3u6_!!2-item_pic.png\",\"web_path\":\"\\/upload\\/temp\\/2022-09-15\\\\6322a18fc12bf_O1CN01hfgFGr22AESGHd3u6_!!2-item_pic.png\",\"web_path_100\":\"\\/upload\\/temp\\/2022-09-15\\\\100_6322a18fc12bf_O1CN01hfgFGr22AESGHd3u6_!!2-item_pic.png\",\"web_path_400\":\"\\/upload\\/temp\\/2022-09-15\\\\400_6322a18fc12bf_O1CN01hfgFGr22AESGHd3u6_!!2-item_pic.png\",\"file_size\":241491,\"file_type\":\"image\\/png\",\"file_extension\":\"png\",\"file_id\":\"62\"},{\"user_id\":0,\"file_path\":\"D:\\\\UI\\\\d2wd-server\\\\public\\/upload\\/temp\\/2022-09-15\\\\6322a18fd862c_O1CN01FAGdP722AESI2rj8t_!!2-item_pic.png\",\"file_name\":\"O1CN01FAGdP722AESI2rj8t_!!2-item_pic.png\",\"web_path\":\"\\/upload\\/temp\\/2022-09-15\\\\6322a18fd862c_O1CN01FAGdP722AESI2rj8t_!!2-item_pic.png\",\"web_path_100\":\"\\/upload\\/temp\\/2022-09-15\\\\100_6322a18fd862c_O1CN01FAGdP722AESI2rj8t_!!2-item_pic.png\",\"web_path_400\":\"\\/upload\\/temp\\/2022-09-15\\\\400_6322a18fd862c_O1CN01FAGdP722AESI2rj8t_!!2-item_pic.png\",\"file_size\":254752,\"file_type\":\"image\\/png\",\"file_extension\":\"png\",\"file_id\":\"63\"},{\"user_id\":0,\"file_path\":\"D:\\\\UI\\\\d2wd-server\\\\public\\/upload\\/temp\\/2022-09-15\\\\6322a18fefd24_O1CN01vuqUkt22AES7LdcoV_!!2-item_pic.png\",\"file_name\":\"O1CN01vuqUkt22AES7LdcoV_!!2-item_pic.png\",\"web_path\":\"\\/upload\\/temp\\/2022-09-15\\\\6322a18fefd24_O1CN01vuqUkt22AES7LdcoV_!!2-item_pic.png\",\"web_path_100\":\"\\/upload\\/temp\\/2022-09-15\\\\100_6322a18fefd24_O1CN01vuqUkt22AES7LdcoV_!!2-item_pic.png\",\"web_path_400\":\"\\/upload\\/temp\\/2022-09-15\\\\400_6322a18fefd24_O1CN01vuqUkt22AES7LdcoV_!!2-item_pic.png\",\"file_size\":250043,\"file_type\":\"image\\/png\",\"file_extension\":\"png\",\"file_id\":\"64\"},{\"user_id\":0,\"file_path\":\"D:\\\\UI\\\\d2wd-server\\\\public\\/upload\\/temp\\/2022-09-15\\\\6322a190125b5_O1CN017hfOEl22AESNS8Qyu_!!2-item_pic.png\",\"file_name\":\"O1CN017hfOEl22AESNS8Qyu_!!2-item_pic.png\",\"web_path\":\"\\/upload\\/temp\\/2022-09-15\\\\6322a190125b5_O1CN017hfOEl22AESNS8Qyu_!!2-item_pic.png\",\"web_path_100\":\"\\/upload\\/temp\\/2022-09-15\\\\100_6322a190125b5_O1CN017hfOEl22AESNS8Qyu_!!2-item_pic.png\",\"web_path_400\":\"\\/upload\\/temp\\/2022-09-15\\\\400_6322a190125b5_O1CN017hfOEl22AESNS8Qyu_!!2-item_pic.png\",\"file_size\":233230,\"file_type\":\"image\\/png\",\"file_extension\":\"png\",\"file_id\":\"65\"}]', '[{\"attribute_name\":\"\\u989c\\u8272\",\"attribute_value_list\":[{\"value\":\"\\u767d\\u8272\",\"image_id\":\"62\"},{\"value\":\"\\u7ea2\\u8272\",\"image_id\":\"63\"},{\"value\":\"\\u84dd\\u8272\",\"image_id\":\"64\"},{\"value\":\"\\u7c89\\u8272\",\"image_id\":\"65\"}]},{\"attribute_name\":\"\\u5bb9\\u91cf\",\"attribute_value_list\":[{\"value\":\"128GB\",\"image_id\":false},{\"value\":\"256GB\",\"image_id\":false},{\"value\":\"512GB\",\"image_id\":false}]}]', '<p><img src=\"/upload/temp/2022-09-15\\6322a222c4d69_O1CN01FAGdP722AESI2rj8t_!!2-item_pic.png\" alt=\"O1CN01FAGdP722AESI2rj8t_!!2-item_pic.png\" data-href=\"/upload/temp/2022-09-15\\6322a222c4d69_O1CN01FAGdP722AESI2rj8t_!!2-item_pic.png\" style=\"\"/><img src=\"/upload/temp/2022-09-15\\6322a222c9911_O1CN01hfgFGr22AESGHd3u6_!!2-item_pic.png\" alt=\"O1CN01hfgFGr22AESGHd3u6_!!2-item_pic.png\" data-href=\"/upload/temp/2022-09-15\\6322a222c9911_O1CN01hfgFGr22AESGHd3u6_!!2-item_pic.png\" style=\"\"/><img src=\"/upload/temp/2022-09-15\\6322a222cdcc3_O1CN01vuqUkt22AES7LdcoV_!!2-item_pic.png\" alt=\"O1CN01vuqUkt22AES7LdcoV_!!2-item_pic.png\" data-href=\"/upload/temp/2022-09-15\\6322a222cdcc3_O1CN01vuqUkt22AES7LdcoV_!!2-item_pic.png\" style=\"\"/><img src=\"/upload/temp/2022-09-15\\6322a222d2c92_O1CN017hfOEl22AESNS8Qyu_!!2-item_pic.png\" alt=\"O1CN017hfOEl22AESNS8Qyu_!!2-item_pic.png\" data-href=\"/upload/temp/2022-09-15\\6322a222d2c92_O1CN017hfOEl22AESNS8Qyu_!!2-item_pic.png\" style=\"\"/></p><p>测试上传111</p>', 1, '2022-09-15 17:47:57', '2022-09-15 17:47:57');
INSERT INTO `product` VALUES (4, 0, 'iPhone 14 5G全网通手机苹果14 -4', 'iPhone 14', '[{\"user_id\":0,\"file_path\":\"D:\\\\UI\\\\d2wd-server\\\\public\\/upload\\/temp\\/2022-09-15\\\\6322a18fc12bf_O1CN01hfgFGr22AESGHd3u6_!!2-item_pic.png\",\"file_name\":\"O1CN01hfgFGr22AESGHd3u6_!!2-item_pic.png\",\"web_path\":\"\\/upload\\/temp\\/2022-09-15\\\\6322a18fc12bf_O1CN01hfgFGr22AESGHd3u6_!!2-item_pic.png\",\"web_path_100\":\"\\/upload\\/temp\\/2022-09-15\\\\100_6322a18fc12bf_O1CN01hfgFGr22AESGHd3u6_!!2-item_pic.png\",\"web_path_400\":\"\\/upload\\/temp\\/2022-09-15\\\\400_6322a18fc12bf_O1CN01hfgFGr22AESGHd3u6_!!2-item_pic.png\",\"file_size\":241491,\"file_type\":\"image\\/png\",\"file_extension\":\"png\",\"file_id\":\"62\"},{\"user_id\":0,\"file_path\":\"D:\\\\UI\\\\d2wd-server\\\\public\\/upload\\/temp\\/2022-09-15\\\\6322a18fd862c_O1CN01FAGdP722AESI2rj8t_!!2-item_pic.png\",\"file_name\":\"O1CN01FAGdP722AESI2rj8t_!!2-item_pic.png\",\"web_path\":\"\\/upload\\/temp\\/2022-09-15\\\\6322a18fd862c_O1CN01FAGdP722AESI2rj8t_!!2-item_pic.png\",\"web_path_100\":\"\\/upload\\/temp\\/2022-09-15\\\\100_6322a18fd862c_O1CN01FAGdP722AESI2rj8t_!!2-item_pic.png\",\"web_path_400\":\"\\/upload\\/temp\\/2022-09-15\\\\400_6322a18fd862c_O1CN01FAGdP722AESI2rj8t_!!2-item_pic.png\",\"file_size\":254752,\"file_type\":\"image\\/png\",\"file_extension\":\"png\",\"file_id\":\"63\"},{\"user_id\":0,\"file_path\":\"D:\\\\UI\\\\d2wd-server\\\\public\\/upload\\/temp\\/2022-09-15\\\\6322a18fefd24_O1CN01vuqUkt22AES7LdcoV_!!2-item_pic.png\",\"file_name\":\"O1CN01vuqUkt22AES7LdcoV_!!2-item_pic.png\",\"web_path\":\"\\/upload\\/temp\\/2022-09-15\\\\6322a18fefd24_O1CN01vuqUkt22AES7LdcoV_!!2-item_pic.png\",\"web_path_100\":\"\\/upload\\/temp\\/2022-09-15\\\\100_6322a18fefd24_O1CN01vuqUkt22AES7LdcoV_!!2-item_pic.png\",\"web_path_400\":\"\\/upload\\/temp\\/2022-09-15\\\\400_6322a18fefd24_O1CN01vuqUkt22AES7LdcoV_!!2-item_pic.png\",\"file_size\":250043,\"file_type\":\"image\\/png\",\"file_extension\":\"png\",\"file_id\":\"64\"},{\"user_id\":0,\"file_path\":\"D:\\\\UI\\\\d2wd-server\\\\public\\/upload\\/temp\\/2022-09-15\\\\6322a190125b5_O1CN017hfOEl22AESNS8Qyu_!!2-item_pic.png\",\"file_name\":\"O1CN017hfOEl22AESNS8Qyu_!!2-item_pic.png\",\"web_path\":\"\\/upload\\/temp\\/2022-09-15\\\\6322a190125b5_O1CN017hfOEl22AESNS8Qyu_!!2-item_pic.png\",\"web_path_100\":\"\\/upload\\/temp\\/2022-09-15\\\\100_6322a190125b5_O1CN017hfOEl22AESNS8Qyu_!!2-item_pic.png\",\"web_path_400\":\"\\/upload\\/temp\\/2022-09-15\\\\400_6322a190125b5_O1CN017hfOEl22AESNS8Qyu_!!2-item_pic.png\",\"file_size\":233230,\"file_type\":\"image\\/png\",\"file_extension\":\"png\",\"file_id\":\"65\"}]', '[{\"attribute_name\":\"\\u989c\\u8272\",\"attribute_value_list\":[{\"value\":\"\\u767d\\u8272\",\"image_id\":\"62\"},{\"value\":\"\\u7ea2\\u8272\",\"image_id\":\"63\"},{\"value\":\"\\u84dd\\u8272\",\"image_id\":\"64\"},{\"value\":\"\\u7c89\\u8272\",\"image_id\":\"65\"}]},{\"attribute_name\":\"\\u5bb9\\u91cf\",\"attribute_value_list\":[{\"value\":\"128GB\",\"image_id\":false},{\"value\":\"256GB\",\"image_id\":false},{\"value\":\"512GB\",\"image_id\":false}]}]', '<p><img src=\"/upload/temp/2022-09-15\\6322a222c4d69_O1CN01FAGdP722AESI2rj8t_!!2-item_pic.png\" alt=\"O1CN01FAGdP722AESI2rj8t_!!2-item_pic.png\" data-href=\"/upload/temp/2022-09-15\\6322a222c4d69_O1CN01FAGdP722AESI2rj8t_!!2-item_pic.png\" style=\"\"/><img src=\"/upload/temp/2022-09-15\\6322a222c9911_O1CN01hfgFGr22AESGHd3u6_!!2-item_pic.png\" alt=\"O1CN01hfgFGr22AESGHd3u6_!!2-item_pic.png\" data-href=\"/upload/temp/2022-09-15\\6322a222c9911_O1CN01hfgFGr22AESGHd3u6_!!2-item_pic.png\" style=\"\"/><img src=\"/upload/temp/2022-09-15\\6322a222cdcc3_O1CN01vuqUkt22AES7LdcoV_!!2-item_pic.png\" alt=\"O1CN01vuqUkt22AES7LdcoV_!!2-item_pic.png\" data-href=\"/upload/temp/2022-09-15\\6322a222cdcc3_O1CN01vuqUkt22AES7LdcoV_!!2-item_pic.png\" style=\"\"/><img src=\"/upload/temp/2022-09-15\\6322a222d2c92_O1CN017hfOEl22AESNS8Qyu_!!2-item_pic.png\" alt=\"O1CN017hfOEl22AESNS8Qyu_!!2-item_pic.png\" data-href=\"/upload/temp/2022-09-15\\6322a222d2c92_O1CN017hfOEl22AESNS8Qyu_!!2-item_pic.png\" style=\"\"/></p><p>测试上传111</p>', 1, '2022-09-15 17:48:06', '2022-09-15 17:48:06');

-- ----------------------------
-- Table structure for product_attribute
-- ----------------------------
DROP TABLE IF EXISTS `product_attribute`;
CREATE TABLE `product_attribute`  (
  `id` int(11) NOT NULL AUTO_INCREMENT,
  `product_id` int(11) NULL DEFAULT NULL COMMENT '产品ID',
  `attribute_name` varchar(50) CHARACTER SET utf8mb4 COLLATE utf8mb4_bin NULL DEFAULT NULL COMMENT '属性名称',
  `add_time` datetime(0) NULL DEFAULT NULL ON UPDATE CURRENT_TIMESTAMP(0),
  `update_time` datetime(0) NULL DEFAULT NULL ON UPDATE CURRENT_TIMESTAMP(0),
  PRIMARY KEY (`id`) USING BTREE,
  INDEX `product_id`(`product_id`) USING BTREE
) ENGINE = MyISAM AUTO_INCREMENT = 9 CHARACTER SET = utf8mb4 COLLATE = utf8mb4_bin ROW_FORMAT = Dynamic;

-- ----------------------------
-- Records of product_attribute
-- ----------------------------
INSERT INTO `product_attribute` VALUES (1, 1, '颜色', '2022-09-15 17:36:24', '2022-09-15 17:36:24');
INSERT INTO `product_attribute` VALUES (2, 1, '容量', '2022-09-15 17:36:24', '2022-09-15 17:36:24');
INSERT INTO `product_attribute` VALUES (3, 2, '颜色', '2022-09-15 17:47:49', '2022-09-15 17:47:49');
INSERT INTO `product_attribute` VALUES (4, 2, '容量', '2022-09-15 17:47:49', '2022-09-15 17:47:49');
INSERT INTO `product_attribute` VALUES (5, 3, '颜色', '2022-09-15 17:47:57', '2022-09-15 17:47:57');
INSERT INTO `product_attribute` VALUES (6, 3, '容量', '2022-09-15 17:47:57', '2022-09-15 17:47:57');
INSERT INTO `product_attribute` VALUES (7, 4, '颜色', '2022-09-15 17:48:06', '2022-09-15 17:48:06');
INSERT INTO `product_attribute` VALUES (8, 4, '容量', '2022-09-15 17:48:06', '2022-09-15 17:48:06');

-- ----------------------------
-- Table structure for product_attribute_value
-- ----------------------------
DROP TABLE IF EXISTS `product_attribute_value`;
CREATE TABLE `product_attribute_value`  (
  `id` int(11) NOT NULL AUTO_INCREMENT,
  `product_id` int(11) NULL DEFAULT NULL,
  `attribute_id` int(11) NULL DEFAULT NULL,
  `attribute_name` varchar(50) CHARACTER SET utf8mb4 COLLATE utf8mb4_bin NULL DEFAULT NULL,
  `attribute_value` varchar(255) CHARACTER SET utf8mb4 COLLATE utf8mb4_bin NULL DEFAULT NULL,
  `attribute_image_id` int(11) NULL DEFAULT NULL,
  `add_time` datetime(0) NULL DEFAULT NULL,
  `update_time` datetime(0) NULL DEFAULT NULL,
  PRIMARY KEY (`id`) USING BTREE
) ENGINE = InnoDB AUTO_INCREMENT = 29 CHARACTER SET = utf8mb4 COLLATE = utf8mb4_bin ROW_FORMAT = Dynamic;

-- ----------------------------
-- Records of product_attribute_value
-- ----------------------------
INSERT INTO `product_attribute_value` VALUES (1, 1, 1, '颜色', '白色', 62, '2022-09-15 17:36:24', '2022-09-15 17:36:24');
INSERT INTO `product_attribute_value` VALUES (2, 1, 1, '颜色', '红色', 63, '2022-09-15 17:36:24', '2022-09-15 17:36:24');
INSERT INTO `product_attribute_value` VALUES (3, 1, 1, '颜色', '蓝色', 64, '2022-09-15 17:36:24', '2022-09-15 17:36:24');
INSERT INTO `product_attribute_value` VALUES (4, 1, 1, '颜色', '粉色', 65, '2022-09-15 17:36:24', '2022-09-15 17:36:24');
INSERT INTO `product_attribute_value` VALUES (5, 1, 2, '容量', '128GB', 0, '2022-09-15 17:36:24', '2022-09-15 17:36:24');
INSERT INTO `product_attribute_value` VALUES (6, 1, 2, '容量', '256GB', 0, '2022-09-15 17:36:24', '2022-09-15 17:36:24');
INSERT INTO `product_attribute_value` VALUES (7, 1, 2, '容量', '512GB', 0, '2022-09-15 17:36:24', '2022-09-15 17:36:24');
INSERT INTO `product_attribute_value` VALUES (8, 2, 3, '颜色', '白色', 62, '2022-09-15 17:47:49', '2022-09-15 17:47:49');
INSERT INTO `product_attribute_value` VALUES (9, 2, 3, '颜色', '红色', 63, '2022-09-15 17:47:49', '2022-09-15 17:47:49');
INSERT INTO `product_attribute_value` VALUES (10, 2, 3, '颜色', '蓝色', 64, '2022-09-15 17:47:49', '2022-09-15 17:47:49');
INSERT INTO `product_attribute_value` VALUES (11, 2, 3, '颜色', '粉色', 65, '2022-09-15 17:47:49', '2022-09-15 17:47:49');
INSERT INTO `product_attribute_value` VALUES (12, 2, 4, '容量', '128GB', 0, '2022-09-15 17:47:49', '2022-09-15 17:47:49');
INSERT INTO `product_attribute_value` VALUES (13, 2, 4, '容量', '256GB', 0, '2022-09-15 17:47:49', '2022-09-15 17:47:49');
INSERT INTO `product_attribute_value` VALUES (14, 2, 4, '容量', '512GB', 0, '2022-09-15 17:47:49', '2022-09-15 17:47:49');
INSERT INTO `product_attribute_value` VALUES (15, 3, 5, '颜色', '白色', 62, '2022-09-15 17:47:57', '2022-09-15 17:47:57');
INSERT INTO `product_attribute_value` VALUES (16, 3, 5, '颜色', '红色', 63, '2022-09-15 17:47:57', '2022-09-15 17:47:57');
INSERT INTO `product_attribute_value` VALUES (17, 3, 5, '颜色', '蓝色', 64, '2022-09-15 17:47:57', '2022-09-15 17:47:57');
INSERT INTO `product_attribute_value` VALUES (18, 3, 5, '颜色', '粉色', 65, '2022-09-15 17:47:57', '2022-09-15 17:47:57');
INSERT INTO `product_attribute_value` VALUES (19, 3, 6, '容量', '128GB', 0, '2022-09-15 17:47:57', '2022-09-15 17:47:57');
INSERT INTO `product_attribute_value` VALUES (20, 3, 6, '容量', '256GB', 0, '2022-09-15 17:47:57', '2022-09-15 17:47:57');
INSERT INTO `product_attribute_value` VALUES (21, 3, 6, '容量', '512GB', 0, '2022-09-15 17:47:57', '2022-09-15 17:47:57');
INSERT INTO `product_attribute_value` VALUES (22, 4, 7, '颜色', '白色', 62, '2022-09-15 17:48:06', '2022-09-15 17:48:06');
INSERT INTO `product_attribute_value` VALUES (23, 4, 7, '颜色', '红色', 63, '2022-09-15 17:48:06', '2022-09-15 17:48:06');
INSERT INTO `product_attribute_value` VALUES (24, 4, 7, '颜色', '蓝色', 64, '2022-09-15 17:48:06', '2022-09-15 17:48:06');
INSERT INTO `product_attribute_value` VALUES (25, 4, 7, '颜色', '粉色', 65, '2022-09-15 17:48:06', '2022-09-15 17:48:06');
INSERT INTO `product_attribute_value` VALUES (26, 4, 8, '容量', '128GB', 0, '2022-09-15 17:48:06', '2022-09-15 17:48:06');
INSERT INTO `product_attribute_value` VALUES (27, 4, 8, '容量', '256GB', 0, '2022-09-15 17:48:06', '2022-09-15 17:48:06');
INSERT INTO `product_attribute_value` VALUES (28, 4, 8, '容量', '512GB', 0, '2022-09-15 17:48:06', '2022-09-15 17:48:06');

-- ----------------------------
-- Table structure for product_catalog
-- ----------------------------
DROP TABLE IF EXISTS `product_catalog`;
CREATE TABLE `product_catalog`  (
  `id` int(11) NOT NULL AUTO_INCREMENT COMMENT '目录ID',
  `pid` int(11) NULL DEFAULT NULL COMMENT '父目录ID',
  `catalog_name` varchar(255) CHARACTER SET utf8 COLLATE utf8_unicode_ci NULL DEFAULT NULL COMMENT '目录名称',
  `update_time` datetime(0) NOT NULL ON UPDATE CURRENT_TIMESTAMP(0) COMMENT '更新时间',
  PRIMARY KEY (`id`) USING BTREE
) ENGINE = MyISAM AUTO_INCREMENT = 16 CHARACTER SET = utf8 COLLATE = utf8_unicode_ci ROW_FORMAT = Dynamic;

-- ----------------------------
-- Records of product_catalog
-- ----------------------------
INSERT INTO `product_catalog` VALUES (1, 0, '产品类目', '2022-08-29 10:15:47');
INSERT INTO `product_catalog` VALUES (2, 1, '衣服', '2022-08-29 10:15:47');
INSERT INTO `product_catalog` VALUES (3, 1, '生活用品', '2022-08-29 10:15:47');
INSERT INTO `product_catalog` VALUES (4, 2, '上衣', '2022-08-30 11:03:16');
INSERT INTO `product_catalog` VALUES (5, 2, '裙子', '2022-08-30 11:03:14');
INSERT INTO `product_catalog` VALUES (6, 3, '雨伞', '2022-08-29 10:15:47');
INSERT INTO `product_catalog` VALUES (7, 6, '太阳伞', '2022-08-30 11:03:11');
INSERT INTO `product_catalog` VALUES (10, 6, '道具伞', '2022-08-30 11:03:10');
INSERT INTO `product_catalog` VALUES (9, 3, '充电宝', '2022-08-29 10:15:47');
INSERT INTO `product_catalog` VALUES (15, 1, '手机', '2022-09-09 16:22:06');
INSERT INTO `product_catalog` VALUES (12, 11, '太阳伞', '2022-09-02 11:57:07');

-- ----------------------------
-- Table structure for product_image
-- ----------------------------
DROP TABLE IF EXISTS `product_image`;
CREATE TABLE `product_image`  (
  `id` int(11) NOT NULL AUTO_INCREMENT,
  `user_id` int(11) NULL DEFAULT NULL COMMENT '上传用户ID',
  `file_path` varchar(255) CHARACTER SET utf8mb4 COLLATE utf8mb4_bin NULL DEFAULT NULL COMMENT '文件存储路径',
  `file_name` varchar(255) CHARACTER SET utf8mb4 COLLATE utf8mb4_bin NULL DEFAULT NULL COMMENT '文件名称',
  `web_path` varchar(255) CHARACTER SET utf8mb4 COLLATE utf8mb4_bin NULL DEFAULT NULL COMMENT '网页路径',
  `web_path_100` varchar(255) CHARACTER SET utf8mb4 COLLATE utf8mb4_bin NULL DEFAULT NULL COMMENT '网页路径400像素的',
  `web_path_400` varchar(255) CHARACTER SET utf8mb4 COLLATE utf8mb4_bin NULL DEFAULT NULL COMMENT '网页路径400像素的',
  `file_size` int(11) NULL DEFAULT NULL COMMENT '文件大小',
  `file_type` varchar(255) CHARACTER SET utf8mb4 COLLATE utf8mb4_bin NULL DEFAULT NULL COMMENT '文件类型',
  `file_extension` varchar(255) CHARACTER SET utf8mb4 COLLATE utf8mb4_bin NULL DEFAULT NULL COMMENT '扩展名称',
  `add_time` datetime(0) NULL DEFAULT NULL ON UPDATE CURRENT_TIMESTAMP(0),
  `update_time` datetime(0) NULL DEFAULT NULL ON UPDATE CURRENT_TIMESTAMP(0),
  PRIMARY KEY (`id`) USING BTREE
) ENGINE = MyISAM AUTO_INCREMENT = 70 CHARACTER SET = utf8mb4 COLLATE = utf8mb4_bin COMMENT = '产品图' ROW_FORMAT = Dynamic;

-- ----------------------------
-- Records of product_image
-- ----------------------------
INSERT INTO `product_image` VALUES (57, 0, 'D:\\UI\\d2wd-server\\public/upload/temp/2022-09-07\\6317f2537e469_3a7581f5e262b2a694d4739648d7c5b0.mp4', '3a7581f5e262b2a694d4739648d7c5b0.mp4', '/upload/temp/2022-09-07\\6317f2537e469_3a7581f5e262b2a694d4739648d7c5b0.mp4', NULL, NULL, 1079181, 'video/mp4', 'mp4', NULL, NULL);
INSERT INTO `product_image` VALUES (58, 0, 'D:\\UI\\d2wd-server\\public/upload/temp/2022-09-07\\6317f70e24014_O1CN01FAGdP722AESI2rj8t_!!2-item_pic.png', 'O1CN01FAGdP722AESI2rj8t_!!2-item_pic.png', '/upload/temp/2022-09-07\\6317f70e24014_O1CN01FAGdP722AESI2rj8t_!!2-item_pic.png', NULL, NULL, 254752, 'image/png', 'png', NULL, NULL);
INSERT INTO `product_image` VALUES (59, 0, 'D:\\UI\\d2wd-server\\public/upload/temp/2022-09-07\\6317f851ebcc7_v2-c60c281e8b406555bc7532e39ff69557.jpeg', 'v2-c60c281e8b406555bc7532e39ff69557.jpeg', '/upload/temp/2022-09-07\\6317f851ebcc7_v2-c60c281e8b406555bc7532e39ff69557.jpeg', NULL, NULL, 2488571, 'image/jpeg', 'jpeg', NULL, NULL);
INSERT INTO `product_image` VALUES (60, 0, 'D:\\UI\\d2wd-server\\public/upload/temp/2022-09-07\\631837435b12d_v2-c60c281e8b406555bc7532e39ff69557.jpeg', 'v2-c60c281e8b406555bc7532e39ff69557.jpeg', '/upload/temp/2022-09-07\\631837435b12d_v2-c60c281e8b406555bc7532e39ff69557.jpeg', NULL, NULL, 2488571, 'image/jpeg', 'jpeg', NULL, NULL);
INSERT INTO `product_image` VALUES (61, 0, 'D:\\UI\\d2wd-server\\public/upload/temp/2022-09-09\\631b07420c092_3a7581f5e262b2a694d4739648d7c5b0.mp4', '3a7581f5e262b2a694d4739648d7c5b0.mp4', '/upload/temp/2022-09-09\\631b07420c092_3a7581f5e262b2a694d4739648d7c5b0.mp4', NULL, NULL, 1079181, 'video/mp4', 'mp4', NULL, NULL);
INSERT INTO `product_image` VALUES (62, 0, 'D:\\UI\\d2wd-server\\public/upload/temp/2022-09-15\\6322a18fc12bf_O1CN01hfgFGr22AESGHd3u6_!!2-item_pic.png', 'O1CN01hfgFGr22AESGHd3u6_!!2-item_pic.png', '/upload/temp/2022-09-15\\6322a18fc12bf_O1CN01hfgFGr22AESGHd3u6_!!2-item_pic.png', '/upload/temp/2022-09-15\\100_6322a18fc12bf_O1CN01hfgFGr22AESGHd3u6_!!2-item_pic.png', '/upload/temp/2022-09-15\\400_6322a18fc12bf_O1CN01hfgFGr22AESGHd3u6_!!2-item_pic.png', 241491, 'image/png', 'png', NULL, NULL);
INSERT INTO `product_image` VALUES (63, 0, 'D:\\UI\\d2wd-server\\public/upload/temp/2022-09-15\\6322a18fd862c_O1CN01FAGdP722AESI2rj8t_!!2-item_pic.png', 'O1CN01FAGdP722AESI2rj8t_!!2-item_pic.png', '/upload/temp/2022-09-15\\6322a18fd862c_O1CN01FAGdP722AESI2rj8t_!!2-item_pic.png', '/upload/temp/2022-09-15\\100_6322a18fd862c_O1CN01FAGdP722AESI2rj8t_!!2-item_pic.png', '/upload/temp/2022-09-15\\400_6322a18fd862c_O1CN01FAGdP722AESI2rj8t_!!2-item_pic.png', 254752, 'image/png', 'png', NULL, NULL);
INSERT INTO `product_image` VALUES (64, 0, 'D:\\UI\\d2wd-server\\public/upload/temp/2022-09-15\\6322a18fefd24_O1CN01vuqUkt22AES7LdcoV_!!2-item_pic.png', 'O1CN01vuqUkt22AES7LdcoV_!!2-item_pic.png', '/upload/temp/2022-09-15\\6322a18fefd24_O1CN01vuqUkt22AES7LdcoV_!!2-item_pic.png', '/upload/temp/2022-09-15\\100_6322a18fefd24_O1CN01vuqUkt22AES7LdcoV_!!2-item_pic.png', '/upload/temp/2022-09-15\\400_6322a18fefd24_O1CN01vuqUkt22AES7LdcoV_!!2-item_pic.png', 250043, 'image/png', 'png', NULL, NULL);
INSERT INTO `product_image` VALUES (65, 0, 'D:\\UI\\d2wd-server\\public/upload/temp/2022-09-15\\6322a190125b5_O1CN017hfOEl22AESNS8Qyu_!!2-item_pic.png', 'O1CN017hfOEl22AESNS8Qyu_!!2-item_pic.png', '/upload/temp/2022-09-15\\6322a190125b5_O1CN017hfOEl22AESNS8Qyu_!!2-item_pic.png', '/upload/temp/2022-09-15\\100_6322a190125b5_O1CN017hfOEl22AESNS8Qyu_!!2-item_pic.png', '/upload/temp/2022-09-15\\400_6322a190125b5_O1CN017hfOEl22AESNS8Qyu_!!2-item_pic.png', 233230, 'image/png', 'png', NULL, NULL);
INSERT INTO `product_image` VALUES (66, 0, 'D:\\UI\\d2wd-server\\public/upload/temp/2022-09-15\\6322a222c4d69_O1CN01FAGdP722AESI2rj8t_!!2-item_pic.png', 'O1CN01FAGdP722AESI2rj8t_!!2-item_pic.png', '/upload/temp/2022-09-15\\6322a222c4d69_O1CN01FAGdP722AESI2rj8t_!!2-item_pic.png', NULL, NULL, 254752, 'image/png', 'png', NULL, NULL);
INSERT INTO `product_image` VALUES (67, 0, 'D:\\UI\\d2wd-server\\public/upload/temp/2022-09-15\\6322a222c9911_O1CN01hfgFGr22AESGHd3u6_!!2-item_pic.png', 'O1CN01hfgFGr22AESGHd3u6_!!2-item_pic.png', '/upload/temp/2022-09-15\\6322a222c9911_O1CN01hfgFGr22AESGHd3u6_!!2-item_pic.png', NULL, NULL, 241491, 'image/png', 'png', NULL, NULL);
INSERT INTO `product_image` VALUES (68, 0, 'D:\\UI\\d2wd-server\\public/upload/temp/2022-09-15\\6322a222cdcc3_O1CN01vuqUkt22AES7LdcoV_!!2-item_pic.png', 'O1CN01vuqUkt22AES7LdcoV_!!2-item_pic.png', '/upload/temp/2022-09-15\\6322a222cdcc3_O1CN01vuqUkt22AES7LdcoV_!!2-item_pic.png', NULL, NULL, 250043, 'image/png', 'png', NULL, NULL);
INSERT INTO `product_image` VALUES (69, 0, 'D:\\UI\\d2wd-server\\public/upload/temp/2022-09-15\\6322a222d2c92_O1CN017hfOEl22AESNS8Qyu_!!2-item_pic.png', 'O1CN017hfOEl22AESNS8Qyu_!!2-item_pic.png', '/upload/temp/2022-09-15\\6322a222d2c92_O1CN017hfOEl22AESNS8Qyu_!!2-item_pic.png', NULL, NULL, 233230, 'image/png', 'png', NULL, NULL);

-- ----------------------------
-- Table structure for product_sku
-- ----------------------------
DROP TABLE IF EXISTS `product_sku`;
CREATE TABLE `product_sku`  (
  `id` int(11) NOT NULL AUTO_INCREMENT,
  `product_id` int(11) NULL DEFAULT NULL,
  `attribute_ids` varchar(255) CHARACTER SET utf8mb4 COLLATE utf8mb4_bin NULL DEFAULT NULL COMMENT '产品属性ID',
  `attribute_value_ids` varchar(255) CHARACTER SET utf8mb4 COLLATE utf8mb4_bin NULL DEFAULT NULL COMMENT '产品属性值ID',
  `stock` int(11) NULL DEFAULT NULL COMMENT '产品库存',
  `price` double NULL DEFAULT NULL COMMENT '价格',
  `sale_price` double NULL DEFAULT NULL COMMENT '销售价格',
  `add_time` datetime(0) NULL DEFAULT NULL COMMENT '添加时间',
  `update_time` datetime(0) NULL DEFAULT NULL COMMENT '更新时间',
  PRIMARY KEY (`id`) USING BTREE,
  INDEX `product_id`(`product_id`) USING BTREE,
  INDEX `attribute_value_ids`(`attribute_value_ids`) USING BTREE
) ENGINE = InnoDB AUTO_INCREMENT = 100048 CHARACTER SET = utf8mb4 COLLATE = utf8mb4_bin ROW_FORMAT = Dynamic;

-- ----------------------------
-- Records of product_sku
-- ----------------------------
INSERT INTO `product_sku` VALUES (100000, 1, '1,2', '1,5', 999, 5666, 4888, '2022-09-15 17:36:24', '2022-09-15 17:36:24');
INSERT INTO `product_sku` VALUES (100001, 1, '1,2', '1,6', 999, 6666, 5666, '2022-09-15 17:36:24', '2022-09-15 17:36:24');
INSERT INTO `product_sku` VALUES (100002, 1, '1,2', '1,7', 999, 7777, 6666, '2022-09-15 17:36:24', '2022-09-15 17:36:24');
INSERT INTO `product_sku` VALUES (100003, 1, '1,2', '2,5', 999, 5666, 4888, '2022-09-15 17:36:24', '2022-09-15 17:36:24');
INSERT INTO `product_sku` VALUES (100004, 1, '1,2', '2,6', 999, 6666, 5666, '2022-09-15 17:36:24', '2022-09-15 17:36:24');
INSERT INTO `product_sku` VALUES (100005, 1, '1,2', '2,7', 999, 7777, 6666, '2022-09-15 17:36:24', '2022-09-15 17:36:24');
INSERT INTO `product_sku` VALUES (100006, 1, '1,2', '3,5', 999, 5666, 4888, '2022-09-15 17:36:24', '2022-09-15 17:36:24');
INSERT INTO `product_sku` VALUES (100007, 1, '1,2', '3,6', 999, 6666, 5666, '2022-09-15 17:36:24', '2022-09-15 17:36:24');
INSERT INTO `product_sku` VALUES (100008, 1, '1,2', '3,7', 999, 7777, 6666, '2022-09-15 17:36:24', '2022-09-15 17:36:24');
INSERT INTO `product_sku` VALUES (100009, 1, '1,2', '4,5', 999, 5666, 4888, '2022-09-15 17:36:24', '2022-09-15 17:36:24');
INSERT INTO `product_sku` VALUES (100010, 1, '1,2', '4,6', 999, 6666, 5666, '2022-09-15 17:36:24', '2022-09-15 17:36:24');
INSERT INTO `product_sku` VALUES (100011, 1, '1,2', '4,7', 999, 7777, 6666, '2022-09-15 17:36:24', '2022-09-15 17:36:24');
INSERT INTO `product_sku` VALUES (100012, 2, '3,4', '8,12', 999, 5666, 4888, '2022-09-15 17:47:49', '2022-09-15 17:47:49');
INSERT INTO `product_sku` VALUES (100013, 2, '3,4', '8,13', 999, 6666, 5666, '2022-09-15 17:47:49', '2022-09-15 17:47:49');
INSERT INTO `product_sku` VALUES (100014, 2, '3,4', '8,14', 999, 7777, 6666, '2022-09-15 17:47:49', '2022-09-15 17:47:49');
INSERT INTO `product_sku` VALUES (100015, 2, '3,4', '9,12', 999, 5666, 4888, '2022-09-15 17:47:49', '2022-09-15 17:47:49');
INSERT INTO `product_sku` VALUES (100016, 2, '3,4', '9,13', 999, 6666, 5666, '2022-09-15 17:47:49', '2022-09-15 17:47:49');
INSERT INTO `product_sku` VALUES (100017, 2, '3,4', '9,14', 999, 7777, 6666, '2022-09-15 17:47:49', '2022-09-15 17:47:49');
INSERT INTO `product_sku` VALUES (100018, 2, '3,4', '10,12', 999, 5666, 4888, '2022-09-15 17:47:49', '2022-09-15 17:47:49');
INSERT INTO `product_sku` VALUES (100019, 2, '3,4', '10,13', 999, 6666, 5666, '2022-09-15 17:47:49', '2022-09-15 17:47:49');
INSERT INTO `product_sku` VALUES (100020, 2, '3,4', '10,14', 999, 7777, 6666, '2022-09-15 17:47:49', '2022-09-15 17:47:49');
INSERT INTO `product_sku` VALUES (100021, 2, '3,4', '11,12', 999, 5666, 4888, '2022-09-15 17:47:49', '2022-09-15 17:47:49');
INSERT INTO `product_sku` VALUES (100022, 2, '3,4', '11,13', 999, 6666, 5666, '2022-09-15 17:47:49', '2022-09-15 17:47:49');
INSERT INTO `product_sku` VALUES (100023, 2, '3,4', '11,14', 999, 7777, 6666, '2022-09-15 17:47:49', '2022-09-15 17:47:49');
INSERT INTO `product_sku` VALUES (100024, 3, '5,6', '15,19', 999, 5666, 4888, '2022-09-15 17:47:57', '2022-09-15 17:47:57');
INSERT INTO `product_sku` VALUES (100025, 3, '5,6', '15,20', 999, 6666, 5666, '2022-09-15 17:47:57', '2022-09-15 17:47:57');
INSERT INTO `product_sku` VALUES (100026, 3, '5,6', '15,21', 999, 7777, 6666, '2022-09-15 17:47:57', '2022-09-15 17:47:57');
INSERT INTO `product_sku` VALUES (100027, 3, '5,6', '16,19', 999, 5666, 4888, '2022-09-15 17:47:57', '2022-09-15 17:47:57');
INSERT INTO `product_sku` VALUES (100028, 3, '5,6', '16,20', 999, 6666, 5666, '2022-09-15 17:47:57', '2022-09-15 17:47:57');
INSERT INTO `product_sku` VALUES (100029, 3, '5,6', '16,21', 999, 7777, 6666, '2022-09-15 17:47:57', '2022-09-15 17:47:57');
INSERT INTO `product_sku` VALUES (100030, 3, '5,6', '17,19', 999, 5666, 4888, '2022-09-15 17:47:57', '2022-09-15 17:47:57');
INSERT INTO `product_sku` VALUES (100031, 3, '5,6', '17,20', 999, 6666, 5666, '2022-09-15 17:47:57', '2022-09-15 17:47:57');
INSERT INTO `product_sku` VALUES (100032, 3, '5,6', '17,21', 999, 7777, 6666, '2022-09-15 17:47:57', '2022-09-15 17:47:57');
INSERT INTO `product_sku` VALUES (100033, 3, '5,6', '18,19', 999, 5666, 4888, '2022-09-15 17:47:57', '2022-09-15 17:47:57');
INSERT INTO `product_sku` VALUES (100034, 3, '5,6', '18,20', 999, 6666, 5666, '2022-09-15 17:47:57', '2022-09-15 17:47:57');
INSERT INTO `product_sku` VALUES (100035, 3, '5,6', '18,21', 999, 7777, 6666, '2022-09-15 17:47:57', '2022-09-15 17:47:57');
INSERT INTO `product_sku` VALUES (100036, 4, '7,8', '22,26', 999, 5666, 4888, '2022-09-15 17:48:06', '2022-09-15 17:48:06');
INSERT INTO `product_sku` VALUES (100037, 4, '7,8', '22,27', 999, 6666, 5666, '2022-09-15 17:48:06', '2022-09-15 17:48:06');
INSERT INTO `product_sku` VALUES (100038, 4, '7,8', '22,28', 999, 7777, 6666, '2022-09-15 17:48:06', '2022-09-15 17:48:06');
INSERT INTO `product_sku` VALUES (100039, 4, '7,8', '23,26', 999, 5666, 4888, '2022-09-15 17:48:06', '2022-09-15 17:48:06');
INSERT INTO `product_sku` VALUES (100040, 4, '7,8', '23,27', 999, 6666, 5666, '2022-09-15 17:48:06', '2022-09-15 17:48:06');
INSERT INTO `product_sku` VALUES (100041, 4, '7,8', '23,28', 999, 7777, 6666, '2022-09-15 17:48:06', '2022-09-15 17:48:06');
INSERT INTO `product_sku` VALUES (100042, 4, '7,8', '24,26', 999, 5666, 4888, '2022-09-15 17:48:06', '2022-09-15 17:48:06');
INSERT INTO `product_sku` VALUES (100043, 4, '7,8', '24,27', 999, 6666, 5666, '2022-09-15 17:48:06', '2022-09-15 17:48:06');
INSERT INTO `product_sku` VALUES (100044, 4, '7,8', '24,28', 999, 7777, 6666, '2022-09-15 17:48:06', '2022-09-15 17:48:06');
INSERT INTO `product_sku` VALUES (100045, 4, '7,8', '25,26', 999, 5666, 4888, '2022-09-15 17:48:06', '2022-09-15 17:48:06');
INSERT INTO `product_sku` VALUES (100046, 4, '7,8', '25,27', 999, 6666, 5666, '2022-09-15 17:48:06', '2022-09-15 17:48:06');
INSERT INTO `product_sku` VALUES (100047, 4, '7,8', '25,28', 999, 7777, 6666, '2022-09-15 17:48:06', '2022-09-15 17:48:06');

-- ----------------------------
-- Table structure for product_sku_details
-- ----------------------------
DROP TABLE IF EXISTS `product_sku_details`;
CREATE TABLE `product_sku_details`  (
  `id` int(11) NOT NULL AUTO_INCREMENT,
  `sku_id` int(11) NULL DEFAULT NULL COMMENT 'sku的id',
  `product_id` int(11) NULL DEFAULT NULL COMMENT '产品ID',
  `attribute_id` int(11) NULL DEFAULT NULL COMMENT '属性ID',
  `attribute_value_id` int(11) NULL DEFAULT NULL COMMENT '属性值ID',
  `add_time` datetime(0) NULL DEFAULT NULL,
  `update_time` datetime(0) NULL DEFAULT NULL,
  PRIMARY KEY (`id`) USING BTREE,
  INDEX `sku_id`(`sku_id`) USING BTREE,
  INDEX `product_id`(`product_id`) USING BTREE,
  INDEX `attribute_id`(`attribute_id`) USING BTREE,
  INDEX `attribute_value_id`(`attribute_value_id`) USING BTREE
) ENGINE = InnoDB AUTO_INCREMENT = 169 CHARACTER SET = utf8mb4 COLLATE = utf8mb4_bin ROW_FORMAT = Dynamic;

-- ----------------------------
-- Records of product_sku_details
-- ----------------------------
INSERT INTO `product_sku_details` VALUES (73, 100000, 1, 1, 1, '2022-09-15 17:36:24', '2022-09-15 17:36:24');
INSERT INTO `product_sku_details` VALUES (74, 100000, 1, 2, 5, '2022-09-15 17:36:24', '2022-09-15 17:36:24');
INSERT INTO `product_sku_details` VALUES (75, 100001, 1, 1, 1, '2022-09-15 17:36:24', '2022-09-15 17:36:24');
INSERT INTO `product_sku_details` VALUES (76, 100001, 1, 2, 6, '2022-09-15 17:36:24', '2022-09-15 17:36:24');
INSERT INTO `product_sku_details` VALUES (77, 100002, 1, 1, 1, '2022-09-15 17:36:24', '2022-09-15 17:36:24');
INSERT INTO `product_sku_details` VALUES (78, 100002, 1, 2, 7, '2022-09-15 17:36:24', '2022-09-15 17:36:24');
INSERT INTO `product_sku_details` VALUES (79, 100003, 1, 1, 2, '2022-09-15 17:36:24', '2022-09-15 17:36:24');
INSERT INTO `product_sku_details` VALUES (80, 100003, 1, 2, 5, '2022-09-15 17:36:24', '2022-09-15 17:36:24');
INSERT INTO `product_sku_details` VALUES (81, 100004, 1, 1, 2, '2022-09-15 17:36:24', '2022-09-15 17:36:24');
INSERT INTO `product_sku_details` VALUES (82, 100004, 1, 2, 6, '2022-09-15 17:36:24', '2022-09-15 17:36:24');
INSERT INTO `product_sku_details` VALUES (83, 100005, 1, 1, 2, '2022-09-15 17:36:24', '2022-09-15 17:36:24');
INSERT INTO `product_sku_details` VALUES (84, 100005, 1, 2, 7, '2022-09-15 17:36:24', '2022-09-15 17:36:24');
INSERT INTO `product_sku_details` VALUES (85, 100006, 1, 1, 3, '2022-09-15 17:36:24', '2022-09-15 17:36:24');
INSERT INTO `product_sku_details` VALUES (86, 100006, 1, 2, 5, '2022-09-15 17:36:24', '2022-09-15 17:36:24');
INSERT INTO `product_sku_details` VALUES (87, 100007, 1, 1, 3, '2022-09-15 17:36:24', '2022-09-15 17:36:24');
INSERT INTO `product_sku_details` VALUES (88, 100007, 1, 2, 6, '2022-09-15 17:36:24', '2022-09-15 17:36:24');
INSERT INTO `product_sku_details` VALUES (89, 100008, 1, 1, 3, '2022-09-15 17:36:24', '2022-09-15 17:36:24');
INSERT INTO `product_sku_details` VALUES (90, 100008, 1, 2, 7, '2022-09-15 17:36:24', '2022-09-15 17:36:24');
INSERT INTO `product_sku_details` VALUES (91, 100009, 1, 1, 4, '2022-09-15 17:36:24', '2022-09-15 17:36:24');
INSERT INTO `product_sku_details` VALUES (92, 100009, 1, 2, 5, '2022-09-15 17:36:24', '2022-09-15 17:36:24');
INSERT INTO `product_sku_details` VALUES (93, 100010, 1, 1, 4, '2022-09-15 17:36:24', '2022-09-15 17:36:24');
INSERT INTO `product_sku_details` VALUES (94, 100010, 1, 2, 6, '2022-09-15 17:36:24', '2022-09-15 17:36:24');
INSERT INTO `product_sku_details` VALUES (95, 100011, 1, 1, 4, '2022-09-15 17:36:24', '2022-09-15 17:36:24');
INSERT INTO `product_sku_details` VALUES (96, 100011, 1, 2, 7, '2022-09-15 17:36:24', '2022-09-15 17:36:24');
INSERT INTO `product_sku_details` VALUES (97, 100012, 2, 3, 8, '2022-09-15 17:47:49', '2022-09-15 17:47:49');
INSERT INTO `product_sku_details` VALUES (98, 100012, 2, 4, 12, '2022-09-15 17:47:49', '2022-09-15 17:47:49');
INSERT INTO `product_sku_details` VALUES (99, 100013, 2, 3, 8, '2022-09-15 17:47:49', '2022-09-15 17:47:49');
INSERT INTO `product_sku_details` VALUES (100, 100013, 2, 4, 13, '2022-09-15 17:47:49', '2022-09-15 17:47:49');
INSERT INTO `product_sku_details` VALUES (101, 100014, 2, 3, 8, '2022-09-15 17:47:49', '2022-09-15 17:47:49');
INSERT INTO `product_sku_details` VALUES (102, 100014, 2, 4, 14, '2022-09-15 17:47:49', '2022-09-15 17:47:49');
INSERT INTO `product_sku_details` VALUES (103, 100015, 2, 3, 9, '2022-09-15 17:47:49', '2022-09-15 17:47:49');
INSERT INTO `product_sku_details` VALUES (104, 100015, 2, 4, 12, '2022-09-15 17:47:49', '2022-09-15 17:47:49');
INSERT INTO `product_sku_details` VALUES (105, 100016, 2, 3, 9, '2022-09-15 17:47:49', '2022-09-15 17:47:49');
INSERT INTO `product_sku_details` VALUES (106, 100016, 2, 4, 13, '2022-09-15 17:47:49', '2022-09-15 17:47:49');
INSERT INTO `product_sku_details` VALUES (107, 100017, 2, 3, 9, '2022-09-15 17:47:49', '2022-09-15 17:47:49');
INSERT INTO `product_sku_details` VALUES (108, 100017, 2, 4, 14, '2022-09-15 17:47:49', '2022-09-15 17:47:49');
INSERT INTO `product_sku_details` VALUES (109, 100018, 2, 3, 10, '2022-09-15 17:47:49', '2022-09-15 17:47:49');
INSERT INTO `product_sku_details` VALUES (110, 100018, 2, 4, 12, '2022-09-15 17:47:49', '2022-09-15 17:47:49');
INSERT INTO `product_sku_details` VALUES (111, 100019, 2, 3, 10, '2022-09-15 17:47:49', '2022-09-15 17:47:49');
INSERT INTO `product_sku_details` VALUES (112, 100019, 2, 4, 13, '2022-09-15 17:47:49', '2022-09-15 17:47:49');
INSERT INTO `product_sku_details` VALUES (113, 100020, 2, 3, 10, '2022-09-15 17:47:49', '2022-09-15 17:47:49');
INSERT INTO `product_sku_details` VALUES (114, 100020, 2, 4, 14, '2022-09-15 17:47:49', '2022-09-15 17:47:49');
INSERT INTO `product_sku_details` VALUES (115, 100021, 2, 3, 11, '2022-09-15 17:47:49', '2022-09-15 17:47:49');
INSERT INTO `product_sku_details` VALUES (116, 100021, 2, 4, 12, '2022-09-15 17:47:49', '2022-09-15 17:47:49');
INSERT INTO `product_sku_details` VALUES (117, 100022, 2, 3, 11, '2022-09-15 17:47:49', '2022-09-15 17:47:49');
INSERT INTO `product_sku_details` VALUES (118, 100022, 2, 4, 13, '2022-09-15 17:47:49', '2022-09-15 17:47:49');
INSERT INTO `product_sku_details` VALUES (119, 100023, 2, 3, 11, '2022-09-15 17:47:49', '2022-09-15 17:47:49');
INSERT INTO `product_sku_details` VALUES (120, 100023, 2, 4, 14, '2022-09-15 17:47:49', '2022-09-15 17:47:49');
INSERT INTO `product_sku_details` VALUES (121, 100024, 3, 5, 15, '2022-09-15 17:47:57', '2022-09-15 17:47:57');
INSERT INTO `product_sku_details` VALUES (122, 100024, 3, 6, 19, '2022-09-15 17:47:57', '2022-09-15 17:47:57');
INSERT INTO `product_sku_details` VALUES (123, 100025, 3, 5, 15, '2022-09-15 17:47:57', '2022-09-15 17:47:57');
INSERT INTO `product_sku_details` VALUES (124, 100025, 3, 6, 20, '2022-09-15 17:47:57', '2022-09-15 17:47:57');
INSERT INTO `product_sku_details` VALUES (125, 100026, 3, 5, 15, '2022-09-15 17:47:57', '2022-09-15 17:47:57');
INSERT INTO `product_sku_details` VALUES (126, 100026, 3, 6, 21, '2022-09-15 17:47:57', '2022-09-15 17:47:57');
INSERT INTO `product_sku_details` VALUES (127, 100027, 3, 5, 16, '2022-09-15 17:47:57', '2022-09-15 17:47:57');
INSERT INTO `product_sku_details` VALUES (128, 100027, 3, 6, 19, '2022-09-15 17:47:57', '2022-09-15 17:47:57');
INSERT INTO `product_sku_details` VALUES (129, 100028, 3, 5, 16, '2022-09-15 17:47:57', '2022-09-15 17:47:57');
INSERT INTO `product_sku_details` VALUES (130, 100028, 3, 6, 20, '2022-09-15 17:47:57', '2022-09-15 17:47:57');
INSERT INTO `product_sku_details` VALUES (131, 100029, 3, 5, 16, '2022-09-15 17:47:57', '2022-09-15 17:47:57');
INSERT INTO `product_sku_details` VALUES (132, 100029, 3, 6, 21, '2022-09-15 17:47:57', '2022-09-15 17:47:57');
INSERT INTO `product_sku_details` VALUES (133, 100030, 3, 5, 17, '2022-09-15 17:47:57', '2022-09-15 17:47:57');
INSERT INTO `product_sku_details` VALUES (134, 100030, 3, 6, 19, '2022-09-15 17:47:57', '2022-09-15 17:47:57');
INSERT INTO `product_sku_details` VALUES (135, 100031, 3, 5, 17, '2022-09-15 17:47:57', '2022-09-15 17:47:57');
INSERT INTO `product_sku_details` VALUES (136, 100031, 3, 6, 20, '2022-09-15 17:47:57', '2022-09-15 17:47:57');
INSERT INTO `product_sku_details` VALUES (137, 100032, 3, 5, 17, '2022-09-15 17:47:57', '2022-09-15 17:47:57');
INSERT INTO `product_sku_details` VALUES (138, 100032, 3, 6, 21, '2022-09-15 17:47:57', '2022-09-15 17:47:57');
INSERT INTO `product_sku_details` VALUES (139, 100033, 3, 5, 18, '2022-09-15 17:47:57', '2022-09-15 17:47:57');
INSERT INTO `product_sku_details` VALUES (140, 100033, 3, 6, 19, '2022-09-15 17:47:57', '2022-09-15 17:47:57');
INSERT INTO `product_sku_details` VALUES (141, 100034, 3, 5, 18, '2022-09-15 17:47:57', '2022-09-15 17:47:57');
INSERT INTO `product_sku_details` VALUES (142, 100034, 3, 6, 20, '2022-09-15 17:47:57', '2022-09-15 17:47:57');
INSERT INTO `product_sku_details` VALUES (143, 100035, 3, 5, 18, '2022-09-15 17:47:57', '2022-09-15 17:47:57');
INSERT INTO `product_sku_details` VALUES (144, 100035, 3, 6, 21, '2022-09-15 17:47:57', '2022-09-15 17:47:57');
INSERT INTO `product_sku_details` VALUES (145, 100036, 4, 7, 22, '2022-09-15 17:48:06', '2022-09-15 17:48:06');
INSERT INTO `product_sku_details` VALUES (146, 100036, 4, 8, 26, '2022-09-15 17:48:06', '2022-09-15 17:48:06');
INSERT INTO `product_sku_details` VALUES (147, 100037, 4, 7, 22, '2022-09-15 17:48:06', '2022-09-15 17:48:06');
INSERT INTO `product_sku_details` VALUES (148, 100037, 4, 8, 27, '2022-09-15 17:48:06', '2022-09-15 17:48:06');
INSERT INTO `product_sku_details` VALUES (149, 100038, 4, 7, 22, '2022-09-15 17:48:06', '2022-09-15 17:48:06');
INSERT INTO `product_sku_details` VALUES (150, 100038, 4, 8, 28, '2022-09-15 17:48:06', '2022-09-15 17:48:06');
INSERT INTO `product_sku_details` VALUES (151, 100039, 4, 7, 23, '2022-09-15 17:48:06', '2022-09-15 17:48:06');
INSERT INTO `product_sku_details` VALUES (152, 100039, 4, 8, 26, '2022-09-15 17:48:06', '2022-09-15 17:48:06');
INSERT INTO `product_sku_details` VALUES (153, 100040, 4, 7, 23, '2022-09-15 17:48:06', '2022-09-15 17:48:06');
INSERT INTO `product_sku_details` VALUES (154, 100040, 4, 8, 27, '2022-09-15 17:48:06', '2022-09-15 17:48:06');
INSERT INTO `product_sku_details` VALUES (155, 100041, 4, 7, 23, '2022-09-15 17:48:06', '2022-09-15 17:48:06');
INSERT INTO `product_sku_details` VALUES (156, 100041, 4, 8, 28, '2022-09-15 17:48:06', '2022-09-15 17:48:06');
INSERT INTO `product_sku_details` VALUES (157, 100042, 4, 7, 24, '2022-09-15 17:48:06', '2022-09-15 17:48:06');
INSERT INTO `product_sku_details` VALUES (158, 100042, 4, 8, 26, '2022-09-15 17:48:06', '2022-09-15 17:48:06');
INSERT INTO `product_sku_details` VALUES (159, 100043, 4, 7, 24, '2022-09-15 17:48:06', '2022-09-15 17:48:06');
INSERT INTO `product_sku_details` VALUES (160, 100043, 4, 8, 27, '2022-09-15 17:48:06', '2022-09-15 17:48:06');
INSERT INTO `product_sku_details` VALUES (161, 100044, 4, 7, 24, '2022-09-15 17:48:06', '2022-09-15 17:48:06');
INSERT INTO `product_sku_details` VALUES (162, 100044, 4, 8, 28, '2022-09-15 17:48:06', '2022-09-15 17:48:06');
INSERT INTO `product_sku_details` VALUES (163, 100045, 4, 7, 25, '2022-09-15 17:48:06', '2022-09-15 17:48:06');
INSERT INTO `product_sku_details` VALUES (164, 100045, 4, 8, 26, '2022-09-15 17:48:06', '2022-09-15 17:48:06');
INSERT INTO `product_sku_details` VALUES (165, 100046, 4, 7, 25, '2022-09-15 17:48:06', '2022-09-15 17:48:06');
INSERT INTO `product_sku_details` VALUES (166, 100046, 4, 8, 27, '2022-09-15 17:48:06', '2022-09-15 17:48:06');
INSERT INTO `product_sku_details` VALUES (167, 100047, 4, 7, 25, '2022-09-15 17:48:06', '2022-09-15 17:48:06');
INSERT INTO `product_sku_details` VALUES (168, 100047, 4, 8, 28, '2022-09-15 17:48:06', '2022-09-15 17:48:06');

SET FOREIGN_KEY_CHECKS = 1;
